Date,HKDCNY
2009-05-11,1.135863989
2009-05-12,1.136197039
2009-05-13,1.13603049
2009-05-14,1.135579065
2009-05-15,1.136064492
2009-05-18,1.135618545
2009-05-19,1.135863433
2009-05-20,1.135857461
2009-05-21,1.135907392
2009-05-22,1.136148446
2009-05-25,1.135361362
2009-05-26,1.134575418
2009-05-27,1.135531404
2009-05-28,1.135446264
2009-05-29,1.135343742
2009-06-01,1.135532638
2009-06-02,1.134807115
2009-06-03,1.135085664
2009-06-04,1.134316782
2009-06-05,1.134306078
2009-06-08,1.133623905
2009-06-09,1.133922432
2009-06-10,1.134377287
2009-06-11,1.133883379
2009-06-12,1.13382198
2009-06-15,1.133745849
2009-06-16,1.134083526
2009-06-17,1.13368147
2009-06-18,1.133969332
2009-06-19,1.13370392
2009-06-22,1.134050337
2009-06-23,1.133936148
2009-06-24,1.134568931
2009-06-25,1.133969332
2009-06-26,1.134187034
2009-06-29,1.134135277
2009-06-30,1.134666628
2009-07-01,1.13418507
2009-07-02,1.134500527
2009-07-03,1.134294496
2009-07-06,1.133987884
2009-07-07,1.134253432
2009-07-08,1.134332509
2009-07-09,1.134461408
2009-07-10,1.134357849
2009-07-13,1.134326611
2009-07-14,1.134260208
2009-07-15,1.134450706
2009-07-16,1.134519104
2009-07-17,1.134535713
2009-07-20,1.134576812
2009-07-21,1.134685212
2009-07-22,1.134602152
2009-07-23,1.134552322
2009-07-24,1.13448392
2009-07-27,1.134515166
2009-07-28,1.134581601
2009-07-29,1.134394121
2009-07-30,1.134351078
2009-07-31,1.134384285
2009-08-03,1.134566961
2009-08-04,1.134666628
2009-08-05,1.134598211
2009-08-06,1.134529804
2009-08-07,1.134478014
2009-08-10,1.13401911
2009-08-11,1.133886377
2009-08-12,1.134003424
2009-08-13,1.134204519
2009-08-14,1.134106905
2009-08-17,1.133854121
2009-08-18,1.134290355
2009-08-19,1.134269827
2009-08-20,1.134578509
2009-08-21,1.134659582
2009-08-24,1.134581601
2009-08-25,1.13445944
2009-08-26,1.134667467
2009-08-27,1.134595117
2009-08-28,1.134802343
2009-08-31,1.134789675
2009-09-01,1.134885424
2009-09-02,1.134854984
2009-09-03,1.13489414
2009-09-04,1.134860088
2009-09-07,1.135014609
2009-09-08,1.135169181
2009-09-09,1.134991067
2009-09-10,1.134922611
2009-09-11,1.13503222
2009-09-14,1.134998975
2009-09-15,1.134897275
2009-09-16,1.135581051
2009-09-17,1.135360816
2009-09-18,1.135227772
2009-09-21,1.13498909
2009-09-22,1.13526103
2009-09-23,1.135537844
2009-09-24,1.135344184
2009-09-25,1.135177889
2009-09-28,1.135266974
2009-09-29,1.135163242
2009-09-30,1.135331517
2009-10-01,1.135364782
2009-10-02,1.135364782
2009-10-05,1.135379432
2009-10-06,1.135364782
2009-10-07,1.135306182
2009-10-08,1.135306182
2009-10-09,1.13549115
2009-10-12,1.135394691
2009-10-13,1.135298254
2009-10-14,1.135274901
2009-10-15,1.135198477
2009-10-16,1.13519175
2009-10-19,1.13529429
2009-10-20,1.135405984
2009-10-21,1.135106632
2009-10-22,1.134842649
2009-10-23,1.134958992
2009-10-26,1.134992238
2009-10-27,1.134759562
2009-10-28,1.135125238
2009-10-29,1.135244401
2009-10-30,1.135254307
2009-11-02,1.135246382
2009-11-03,1.135080114
2009-11-04,1.135223028
2009-11-05,1.135141865
2009-11-06,1.13519175
2009-11-09,1.13531885
2009-11-10,1.135374698
2009-11-11,1.135274901
2009-11-12,1.135175121
2009-11-13,1.135364782
2009-11-16,1.135314885
2009-11-17,1.135291532
2009-11-18,1.135215105
2009-11-19,1.134909128
2009-11-20,1.135038153
2009-11-23,1.134699854
2009-11-24,1.134759562
2009-11-25,1.135091985
2009-11-26,1.135113956
2009-11-27,1.135135927
2009-11-30,1.135281623
2009-12-01,1.135125238
2009-12-02,1.135291532
2009-12-03,1.135215105
2009-12-04,1.135274901
2009-12-07,1.134884606
2009-12-08,1.135173929
2009-12-09,1.135188576
2009-12-10,1.135312903
2009-12-11,1.135200457
2009-12-14,1.135220632
2009-12-15,1.135696499
2009-12-16,1.135429634
2009-12-17,1.135796503
2009-12-18,1.136086702
2009-12-21,1.135888349
2009-12-22,1.135388445
2009-12-23,1.135511555
2009-12-24,1.136002109
2009-12-25,1.135798492
2009-12-28,1.135594957
2009-12-29,1.135556239
2009-12-30,1.13633433
2009-12-31,1.135908818
2010-01-01,1.135931503
2010-01-04,1.135954184
2010-01-05,1.136335668
2010-01-06,1.135838997
2010-01-07,1.135603398
2010-01-08,1.135908252
2010-01-11,1.136047346
2010-01-12,1.136010078
2010-01-13,1.135720038
2010-01-14,1.136424229
2010-01-15,1.136592011
2010-01-18,1.136834704
2010-01-19,1.137077401
2010-01-20,1.138093703
2010-01-21,1.138205308
2010-01-22,1.138318441
2010-01-25,1.137853753
2010-01-26,1.138859997
2010-01-27,1.138923068
2010-01-28,1.138046201
2010-01-29,1.137648679
2010-02-01,1.13778201
2010-02-02,1.137761828
2010-02-03,1.137679461
2010-02-04,1.137521968
2010-02-05,1.138088612
2010-02-08,1.138226031
2010-02-09,1.138207333
2010-02-10,1.138195665
2010-02-11,1.136913125
2010-02-12,1.137180575
2010-02-15,1.1372318
2010-02-16,1.137283025
2010-02-17,1.136770775
2010-02-18,1.136484707
2010-02-19,1.137179675
2010-02-22,1.137187976
2010-02-23,1.137020815
2010-02-24,1.137514831
2010-02-25,1.137299134
2010-02-26,1.137141434
2010-03-01,1.137468321
2010-03-02,1.137083425
2010-03-03,1.137170735
2010-03-04,1.137331888
2010-03-05,1.137327864
2010-03-08,1.136490822
2010-03-09,1.13673586
2010-03-10,1.136655972
2010-03-11,1.136583365
2010-03-12,1.136548774
2010-03-15,1.136670622
2010-03-16,1.136967637
2010-03-17,1.136963624
2010-03-18,1.136930312
2010-03-19,1.136600015
2010-03-22,1.136861688
2010-03-23,1.137087441
2010-03-24,1.136861688
2010-03-25,1.136795078
2010-03-26,1.136972857
2010-03-29,1.13727587
2010-03-30,1.137566293
2010-03-31,1.137551642
2010-04-01,1.137819902
2010-04-02,1.137967914
2010-04-05,1.137760783
2010-04-06,1.137758242
2010-04-07,1.13713482
2010-04-08,1.136869871
2010-04-09,1.136833311
2010-04-12,1.136669988
2010-04-13,1.137015603
2010-04-14,1.13693633
2010-04-15,1.136946967
2010-04-16,1.13725404
2010-04-19,1.136957605
2010-04-20,1.137444508
2010-04-21,1.137107287
2010-04-22,1.137160687
2010-04-23,1.137073385
2010-04-26,1.13715466
2010-04-27,1.137467768
2010-04-28,1.138178621
2010-04-29,1.137505677
2010-04-30,1.137588465
2010-05-03,1.13746062
2010-05-04,1.137474363
2010-05-05,1.137746656
2010-05-06,1.138577602
2010-05-07,1.139713423
2010-05-10,1.139636406
2010-05-11,1.139269239
2010-05-12,1.139783214
2010-05-13,1.139649668
2010-05-14,1.140031935
2010-05-17,1.142719044
2010-05-18,1.142018074
2010-05-19,1.142509777
2010-05-20,1.142712773
2010-05-21,1.143095719
2010-05-24,1.142342501
2010-05-25,1.141970429
2010-05-26,1.139943185
2010-05-27,1.140476748
2010-05-28,1.139740868
2010-05-31,1.14044516
2010-06-01,1.141149762
2010-06-02,1.141135645
2010-06-03,1.140928196
2010-06-04,1.141369309
2010-06-07,1.14191622
2010-06-08,1.142706534
2010-06-09,1.142461741
2010-06-10,1.1405168
2010-06-11,1.140734778
2010-06-14,1.140465144
2010-06-15,1.140421234
2010-06-16,1.140304144
2010-06-17,1.140123005
2010-06-18,1.139979785
2010-06-21,1.1430379
2010-06-22,1.141661896
2010-06-23,1.141550702
2010-06-24,1.14393906
2010-06-25,1.14539618
2010-06-28,1.145350206
2010-06-29,1.145049061
2010-06-30,1.148197301
2010-07-01,1.149630569
2010-07-02,1.151427432
2010-07-05,1.149981551
2010-07-06,1.148537632
2010-07-07,1.149431902
2010-07-08,1.149344037
2010-07-09,1.147903131
2010-07-12,1.147705623
2010-07-13,1.147844064
2010-07-14,1.147458428
2010-07-15,1.146368814
2010-07-16,1.147719557
2010-07-19,1.147064031
2010-07-20,1.146870067
2010-07-21,1.147117414
2010-07-22,1.146677484
2010-07-23,1.145480288
2010-07-26,1.145630495
2010-07-27,1.145616028
2010-07-28,1.145721452
2010-07-29,1.146044864
2010-07-30,1.146704067
2010-08-02,1.146117508
2010-08-03,1.145833333
2010-08-04,1.146426462
2010-08-05,1.146695222
2010-08-06,1.147000591
2010-08-09,1.146933649
2010-08-10,1.146455995
2010-08-11,1.146387187
2010-08-12,1.144981796
2010-08-13,1.143708522
2010-08-16,1.142346924
2010-08-17,1.14397821
2010-08-18,1.144012016
2010-08-19,1.144336274
2010-08-20,1.145198822
2010-08-23,1.14342231
2010-08-24,1.144233882
2010-08-25,1.143760571
2010-08-26,1.143857172
2010-08-27,1.144328229
2010-08-30,1.143438828
2010-08-31,1.142678752
2010-09-01,1.141493642
2010-09-02,1.141501396
2010-09-03,1.142617696
2010-09-06,1.143268099
2010-09-07,1.143919536
2010-09-08,1.143538416
2010-09-09,1.145547036
2010-09-10,1.147289112
2010-09-13,1.14899031
2010-09-14,1.151668397
2010-09-15,1.152671416
2010-09-16,1.154914498
2010-09-17,1.154930834
2010-09-20,1.156386386
2010-09-21,1.157443445
2010-09-22,1.157320803
2010-09-23,1.157280076
2010-09-24,1.157022451
2010-09-27,1.159435668
2010-09-28,1.15954203
2010-09-29,1.160089129
2010-09-30,1.159838577
2010-10-01,1.15962329
2010-10-04,1.159418341
2010-10-05,1.159208442
2010-10-06,1.159344027
2010-10-07,1.158797064
2010-10-08,1.162749213
2010-10-11,1.162691186
2010-10-12,1.16263318
2010-10-13,1.164555632
2010-10-14,1.166498759
2010-10-15,1.168320858
2010-10-18,1.167504515
2010-10-19,1.167825537
2010-10-20,1.166992393
2010-10-21,1.16745361
2010-10-22,1.16618356
2010-10-25,1.165202241
2010-10-26,1.164472795
2010-10-27,1.161395105
2010-10-28,1.159929412
2010-10-29,1.162021977
2010-11-01,1.158808228
2010-11-02,1.160763759
2010-11-03,1.160969472
2010-11-04,1.163521446
2010-11-05,1.164628099
2010-11-08,1.160425806
2010-11-09,1.166867397
2010-11-10,1.168387729
2010-11-11,1.168142393
2010-11-12,1.167897179
2010-11-15,1.167198651
2010-11-16,1.16820332
2010-11-17,1.16779342
2010-11-18,1.168807478
2010-11-19,1.167746016
2010-11-22,1.167524919
2010-11-23,1.167913537
2010-11-24,1.166303417
2010-11-25,1.165332873
2010-11-26,1.164364454
2010-11-29,1.166006006
2010-11-30,1.164676766
2010-12-01,1.165616089
2010-12-02,1.165893498
2010-12-03,1.164915651
2010-12-06,1.167396176
2010-12-07,1.168158905
2010-12-08,1.166086226
2010-12-09,1.168026567
2010-12-10,1.168099174
2010-12-13,1.16695673
2010-12-14,1.167720806
2010-12-15,1.168557731
2010-12-16,1.167119382
2010-12-17,1.168652791
2010-12-20,1.164971159
2010-12-21,1.167542806
2010-12-22,1.170639579
2010-12-23,1.170474041
2010-12-24,1.172157944
2010-12-27,1.173845504
2010-12-28,1.174438088
2010-12-29,1.175543807
2010-12-30,1.178939394
2010-12-31,1.178915046
2011-01-03,1.178890659
2011-01-04,1.176023613
2011-01-05,1.180015186
2011-01-06,1.173181407
2011-01-07,1.172581327
2011-01-10,1.171930565
2011-01-11,1.174873461
2011-01-12,1.177173403
2011-01-13,1.177063776
2011-01-14,1.180111118
2011-01-17,1.180784183
2011-01-18,1.181457738
2011-01-19,1.181577868
2011-01-20,1.182317925
2011-01-21,1.183196366
2011-01-24,1.184913918
2011-01-25,1.183793145
2011-01-26,1.183015772
2011-01-27,1.183274075
2011-01-28,1.183959039
2011-01-31,1.180392929
2011-02-01,1.181627918
2011-02-02,1.187644905
2011-02-03,1.187599146
2011-02-04,1.187660159
2011-02-07,1.18660061
2011-02-08,1.187774725
2011-02-09,1.181054101
2011-02-10,1.182725009
2011-02-11,1.182471896
2011-02-14,1.181717578
2011-02-15,1.183003461
2011-02-16,1.182350798
2011-02-17,1.182566439
2011-02-18,1.184281389
2011-02-21,1.184320971
2011-02-22,1.184360514
2011-02-23,1.185637578
2011-02-24,1.186199026
2011-02-25,1.185310803
2011-02-28,1.185199276
2011-03-01,1.185494673
2011-03-02,1.185231958
2011-03-03,1.18524887
2011-03-04,1.185914421
2011-03-07,1.187946292
2011-03-08,1.185600755
2011-03-09,1.187358951
2011-03-10,1.184981211
2011-03-11,1.184585197
2011-03-14,1.185916951
2011-03-15,1.186048988
2011-03-16,1.186401473
2011-03-17,1.186620629
2011-03-18,1.187398195
2011-03-21,1.188131332
2011-03-22,1.189513051
2011-03-23,1.188044091
2011-03-24,1.188426349
2011-03-25,1.188552343
2011-03-28,1.188184574
2011-03-29,1.188033537
2011-03-30,1.187391318
2011-03-31,1.187331063
2011-04-01,1.187959131
2011-04-04,1.188529479
2011-04-05,1.188484478
2011-04-06,1.187790342
2011-04-07,1.18771018
2011-04-08,1.188538638
2011-04-11,1.188143344
2011-04-12,1.188480475
2011-04-13,1.190103011
2011-04-14,1.190231205
2011-04-15,1.190088338
2011-04-18,1.191112949
2011-04-19,1.190971318
2011-04-20,1.190808226
2011-04-21,1.19638016
2011-04-22,1.1942613
2011-04-25,1.190572483
2011-04-26,1.190546959
2011-04-27,1.193174837
2011-04-28,1.195093063
2011-04-29,1.196810478
2011-05-02,1.196118299
2011-05-03,1.1957663
2011-05-04,1.196765499
2011-05-05,1.196916727
2011-05-06,1.196719291
2011-05-09,1.196806135
2011-05-10,1.197334977
2011-05-11,1.196934453
2011-05-12,1.195934509
2011-05-13,1.196177109
2011-05-16,1.195134695
2011-05-17,1.195013603
2011-05-18,1.195543527
2011-05-19,1.195273823
2011-05-20,1.197421323
2011-05-23,1.195572636
2011-05-24,1.196599477
2011-05-25,1.198413676
2011-05-26,1.199374547
2011-05-27,1.198998768
2011-05-30,1.199759456
2011-05-31,1.200521718
2011-06-01,1.200478543
2011-06-02,1.200126496
2011-06-03,1.200243842
2011-06-06,1.20053707
2011-06-07,1.200231446
2011-06-08,1.201686382
2011-06-09,1.20181602
2011-06-10,1.200999985
2011-06-13,1.200848373
2011-06-14,1.201361237
2011-06-15,1.201712434
2011-06-16,1.204336947
2011-06-17,1.204343122
2011-06-20,1.204094561
2011-06-21,1.204934261
2011-06-22,1.205220647
2011-06-23,1.204558105
2011-06-24,1.202928773
2011-06-27,1.20146571
2011-06-28,1.203156154
2011-06-29,1.20401343
2011-06-30,1.203898816
2011-07-01,1.203526955
2011-07-04,1.203395074
2011-07-05,1.203263223
2011-07-06,1.203293645
2011-07-07,1.203742943
2011-07-08,1.203774461
2011-07-11,1.204326514
2011-07-12,1.204249073
2011-07-13,1.204252029
2011-07-14,1.205945193
2011-07-15,1.20620647
2011-07-18,1.205231264
2011-07-19,1.205953799
2011-07-20,1.206422942
2011-07-21,1.207391338
2011-07-22,1.208472946
2011-07-25,1.208999224
2011-07-26,1.209482852
2011-07-27,1.209241324
2011-07-28,1.209584278
2011-07-29,1.211031697
2011-08-01,1.210905078
2011-08-02,1.210720887
2011-08-03,1.212123096
2011-08-04,1.211830312
2011-08-05,1.212170618
2011-08-08,1.213002393
2011-08-09,1.214341254
2011-08-10,1.216371626
2011-08-11,1.218862908
2011-08-12,1.219714518
2011-08-15,1.219523646
2011-08-16,1.220721427
2011-08-17,1.220178888
2011-08-18,1.220374806
2011-08-19,1.21994993
2011-08-22,1.218501969
2011-08-23,1.218757327
2011-08-24,1.220256731
2011-08-25,1.219890454
2011-08-26,1.220826809
2011-08-29,1.221520475
2011-08-30,1.2215918
2011-08-31,1.22104801
2011-09-01,1.21967655
2011-09-02,1.21992761
2011-09-05,1.219875981
2011-09-06,1.219824416
2011-09-07,1.218939631
2011-09-08,1.220873216
2011-09-09,1.220006262
2011-09-12,1.22111245
2011-09-13,1.21994685
2011-09-14,1.221029573
2011-09-15,1.219016024
2011-09-16,1.221029875
2011-09-19,1.221000877
2011-09-20,1.220499084
2011-09-21,1.220604598
2011-09-22,1.221230764
2011-09-23,1.221331622
2011-09-26,1.219116843
2011-09-27,1.218585385
2011-09-28,1.219088734
2011-09-29,1.217997624
2011-09-30,1.220445281
2011-10-03,1.221805632
2011-10-04,1.221193819
2011-10-05,1.221005569
2011-10-06,1.220053308
2011-10-07,1.220754569
2011-10-10,1.220660444
2011-10-11,1.220566319
2011-10-12,1.223466499
2011-10-13,1.218630523
2011-10-14,1.219410474
2011-10-17,1.221053458
2011-10-18,1.218936117
2011-10-19,1.219416958
2011-10-20,1.218848414
2011-10-21,1.219199975
2011-10-24,1.220177585
2011-10-25,1.222246679
2011-10-26,1.223486637
2011-10-27,1.221811606
2011-10-28,1.221236432
2011-10-31,1.221788597
2011-11-01,1.222984563
2011-11-02,1.222722266
2011-11-03,1.223308614
2011-11-04,1.22522082
2011-11-07,1.223830753
2011-11-08,1.224165642
2011-11-09,1.225658901
2011-11-10,1.22632143
2011-11-11,1.22551382
2011-11-14,1.224707253
2011-11-15,1.226191227
2011-11-16,1.226810623
2011-11-17,1.225887725
2011-11-18,1.225202549
2011-11-21,1.224612047
2011-11-22,1.224856536
2011-11-23,1.225934315
2011-11-24,1.223892666
2011-11-25,1.221858249
2011-11-28,1.220758471
2011-11-29,1.221957377
2011-11-30,1.219007292
2011-12-01,1.220563978
2011-12-02,1.221397572
2011-12-05,1.221062723
2011-12-06,1.221195695
2011-12-07,1.221300399
2011-12-08,1.22224842
2011-12-09,1.222749485
2011-12-12,1.223665178
2011-12-13,1.221829437
2011-12-14,1.221770523
2011-12-15,1.220796134
2011-12-16,1.22629531
2011-12-19,1.228398763
2011-12-20,1.226350872
2011-12-21,1.227605465
2011-12-22,1.227552373
2011-12-23,1.227195253
2011-12-26,1.228719958
2011-12-27,1.230248378
2011-12-28,1.229627755
2011-12-29,1.230078972
2011-12-30,1.2339408
2012-01-02,1.233986606
2012-01-03,1.234032412
2012-01-04,1.234076357
2012-01-05,1.232285401
2012-01-06,1.230883845
2012-01-09,1.22990672
2012-01-10,1.229898164
2012-01-11,1.229837369
2012-01-12,1.229418934
2012-01-13,1.231618172
2012-01-16,1.230766793
2012-01-17,1.229916371
2012-01-18,1.229745361
2012-01-19,1.228523479
2012-01-20,1.225453971
2012-01-23,1.225264488
2012-01-24,1.225296068
2012-01-25,1.22537502
2012-01-26,1.224727617
2012-01-27,1.22434865
2012-01-30,1.225035539
2012-01-31,1.229470514
2012-02-01,1.22950092
2012-02-02,1.230636178
2012-02-03,1.230250528
2012-02-06,1.228453739
2012-02-07,1.229800463
2012-02-08,1.231894881
2012-02-09,1.232131793
2012-02-10,1.231112381
2012-02-13,1.231261513
2012-02-14,1.230954838
2012-02-15,1.230705737
2012-02-16,1.230488463
2012-02-17,1.231007383
2012-02-20,1.231323197
2012-02-21,1.231639136
2012-02-22,1.231734435
2012-02-23,1.231422674
2012-02-24,1.231230945
2012-02-27,1.230702088
2012-02-28,1.231167347
2012-02-29,1.232239612
2012-03-01,1.230948715
2012-03-02,1.231859896
2012-03-05,1.230885104
2012-03-06,1.230699724
2012-03-07,1.230423
2012-03-08,1.227901012
2012-03-09,1.228937236
2012-03-12,1.226485188
2012-03-13,1.226456549
2012-03-14,1.225839059
2012-03-15,1.226446699
2012-03-16,1.22773718
2012-03-19,1.228386954
2012-03-20,1.228185371
2012-03-21,1.228039098
2012-03-22,1.232767106
2012-03-23,1.232573269
2012-03-26,1.230238046
2012-03-27,1.231109561
2012-03-28,1.231647738
2012-03-29,1.231298666
2012-03-30,1.233124256
2012-04-02,1.233109449
2012-04-03,1.23302898
2012-04-04,1.2330131
2012-04-05,1.23002709
2012-04-06,1.231523187
2012-04-09,1.23066561
2012-04-10,1.230473021
2012-04-11,1.231038747
2012-04-12,1.231000967
2012-04-13,1.231125639
2012-04-16,1.228503563
2012-04-17,1.231294136
2012-04-18,1.2313807
2012-04-19,1.231671136
2012-04-20,1.230294864
2012-04-23,1.230375373
2012-04-24,1.230241149
2012-04-25,1.230983994
2012-04-26,1.230627716
2012-04-27,1.229835322
2012-04-30,1.235658544
2012-05-01,1.22973894
2012-05-02,1.230141113
2012-05-03,1.230587452
2012-05-04,1.230720436
2012-05-07,1.230808257
2012-05-08,1.230610692
2012-05-09,1.2304425
2012-05-10,1.229600887
2012-05-11,1.230835063
2012-05-14,1.22865053
2012-05-15,1.229612511
2012-05-16,1.228683948
2012-05-17,1.228500957
2012-05-18,1.228128706
2012-05-21,1.227096733
2012-05-22,1.228223906
2012-05-23,1.225739229
2012-05-24,1.223659947
2012-05-25,1.22367944
2012-05-28,1.223374331
2012-05-29,1.22306941
2012-05-30,1.221678674
2012-05-31,1.218767665
2012-06-01,1.218410475
2012-06-04,1.21907261
2012-06-05,1.218595885
2012-06-06,1.219128139
2012-06-07,1.219190999
2012-06-08,1.217927786
2012-06-11,1.218385932
2012-06-12,1.218043106
2012-06-13,1.218340269
2012-06-14,1.218046529
2012-06-15,1.218935097
2012-06-18,1.221061081
2012-06-19,1.221097857
2012-06-20,1.220026102
2012-06-21,1.21936082
2012-06-22,1.219439382
2012-06-25,1.219594223
2012-06-26,1.219470028
2012-06-27,1.220622709
2012-06-28,1.220544282
2012-06-29,1.221029435
2012-07-02,1.221950951
2012-07-03,1.220737102
2012-07-04,1.220403538
2012-07-05,1.220070173
2012-07-06,1.218447517
2012-07-09,1.217190664
2012-07-10,1.218210953
2012-07-11,1.217643918
2012-07-12,1.217253499
2012-07-13,1.216040383
2012-07-16,1.216104352
2012-07-17,1.217230286
2012-07-18,1.21775789
2012-07-19,1.217076769
2012-07-20,1.217089779
2012-07-23,1.214811451
2012-07-24,1.214902047
2012-07-25,1.214436669
2012-07-26,1.215338586
2012-07-27,1.215681665
2012-07-30,1.215716704
2012-07-31,1.218959283
2012-08-01,1.217823492
2012-08-02,1.217869988
2012-08-03,1.217055602
2012-08-06,1.21677806
2012-08-07,1.21809814
2012-08-08,1.219257978
2012-08-09,1.219836739
2012-08-10,1.219657542
2012-08-13,1.219427458
2012-08-14,1.219922624
2012-08-15,1.219352709
2012-08-16,1.218523697
2012-08-17,1.220053476
2012-08-20,1.219854699
2012-08-21,1.22044085
2012-08-22,1.221207589
2012-08-23,1.220807429
2012-08-24,1.220720154
2012-08-27,1.220302716
2012-08-28,1.220983865
2012-08-29,1.221120086
2012-08-30,1.221564242
2012-08-31,1.221725159
2012-09-03,1.221939519
2012-09-04,1.222153943
2012-09-05,1.2217707
2012-09-06,1.222929936
2012-09-07,1.222740745
2012-09-10,1.223684418
2012-09-11,1.224107721
2012-09-12,1.225842146
2012-09-13,1.225155623
2012-09-14,1.22749228
2012-09-17,1.227117303
2012-09-18,1.226882112
2012-09-19,1.228844051
2012-09-20,1.22996383
2012-09-21,1.229591918
2012-09-24,1.228879379
2012-09-25,1.229570072
2012-09-26,1.230500674
2012-09-27,1.23033592
2012-09-28,1.233770367
2012-10-01,1.233975175
2012-10-02,1.234007002
2012-10-03,1.234070656
2012-10-04,1.234022915
2012-10-05,1.23362508
2012-10-08,1.233262009
2012-10-09,1.232899152
2012-10-10,1.233865449
2012-10-11,1.235131044
2012-10-12,1.236923568
2012-10-15,1.236172249
2012-10-16,1.237479445
2012-10-17,1.239446754
2012-10-18,1.23999616
2012-10-19,1.239361617
2012-10-22,1.239131478
2012-10-23,1.240436634
2012-10-24,1.240436634
2012-10-25,1.241716867
2012-10-26,1.240412932
2012-10-29,1.24227366
2012-10-30,1.242082826
2012-10-31,1.242448535
2012-11-01,1.242126521
2012-11-02,1.241656118
2012-11-05,1.240985077
2012-11-06,1.240961348
2012-11-07,1.241371026
2012-11-08,1.241610201
2012-11-09,1.241200961
2012-11-12,1.243011787
2012-11-13,1.24482814
2012-11-14,1.245060241
2012-11-15,1.243690738
2012-11-16,1.243176059
2012-11-19,1.243395409
2012-11-20,1.243517746
2012-11-21,1.244044944
2012-11-22,1.24427052
2012-11-23,1.244496186
2012-11-26,1.244935987
2012-11-27,1.245576252
2012-11-28,1.244520097
2012-11-29,1.244360238
2012-11-30,1.244696057
2012-12-03,1.244440162
2012-12-04,1.244899926
2012-12-05,1.24495992
2012-12-06,1.244227867
2012-12-07,1.243904397
2012-12-10,1.244028509
2012-12-11,1.240730067
2012-12-12,1.239880324
2012-12-13,1.243661339
2012-12-14,1.241724083
2012-12-17,1.242799872
2012-12-18,1.243557652
2012-12-19,1.244072368
2012-12-20,1.244056696
2012-12-21,1.244332413
2012-12-24,1.243378519
2012-12-25,1.243194906
2012-12-26,1.243011339
2012-12-27,1.243064242
2012-12-28,1.243970152
2012-12-31,1.244073129
2013-01-01,1.244073129
2013-01-02,1.244073129
2013-01-03,1.244008924
2013-01-04,1.24396899
2013-01-07,1.244212926
2013-01-08,1.245408532
2013-01-09,1.244972695
2013-01-10,1.245605014
2013-01-11,1.247152326
2013-01-14,1.246550892
2013-01-15,1.24759391
2013-01-16,1.247200772
2013-01-17,1.247208726
2013-01-18,1.247361308
2013-01-21,1.246968186
2013-01-22,1.246575342
2013-01-23,1.24690405
2013-01-24,1.246883996
2013-01-25,1.246483289
2013-01-28,1.246481362
2013-01-29,1.246165213
2013-01-30,1.247267057
2013-01-31,1.247226064
2013-02-01,1.245675741
2013-02-04,1.243959182
2013-02-05,1.244878957
2013-02-06,1.244371339
2013-02-07,1.244372062
2013-02-08,1.244323925
2013-02-11,1.244356016
2013-02-12,1.244291834
2013-02-13,1.244436243
2013-02-14,1.244195562
2013-02-15,1.244195562
2013-02-18,1.243048709
2013-02-19,1.241903969
2013-02-20,1.243302176
2013-02-21,1.242824864
2013-02-22,1.244025278
2013-02-25,1.24423697
2013-02-26,1.245404781
2013-02-27,1.245716305
2013-02-28,1.246459743
2013-03-01,1.24627969
2013-03-04,1.245895319
2013-03-05,1.246704604
2013-03-06,1.247438599
2013-03-07,1.246961415
2013-03-08,1.248129375
2013-03-11,1.2475273
2013-03-12,1.24786036
2013-03-13,1.248563658
2013-03-14,1.248402929
2013-03-15,1.248772794
2013-03-18,1.248712916
2013-03-19,1.248608296
2013-03-20,1.249593509
2013-03-21,1.249126985
2013-03-22,1.249629749
2013-03-25,1.249738346
2013-03-26,1.249307658
2013-03-27,1.249476971
2013-03-28,1.249135059
2013-03-29,1.249903394
2013-04-01,1.250604079
2013-04-02,1.2521777
2013-04-03,1.252670992
2013-04-04,1.252092573
2013-04-05,1.252350617
2013-04-08,1.251680611
2013-04-09,1.251829996
2013-04-10,1.253253253
2013-04-11,1.252642791
2013-04-12,1.253593694
2013-04-15,1.254679469
2013-04-16,1.255580357
2013-04-17,1.257744653
2013-04-18,1.256022391
2013-04-19,1.256831574
2013-04-22,1.255810944
2013-04-23,1.256578734
2013-04-24,1.256741446
2013-04-25,1.258285122
2013-04-26,1.259347576
2013-04-29,1.258942041
2013-04-30,1.258877155
2013-05-01,1.258828491
2013-05-02,1.260347628
2013-05-03,1.260514987
2013-05-06,1.25831509
2013-05-07,1.261086465
2013-05-08,1.263556424
2013-05-09,1.265618373
2013-05-10,1.263632663
2013-05-13,1.262767429
2013-05-14,1.263520333
2013-05-15,1.263009731
2013-05-16,1.262673411
2013-05-17,1.264077512
2013-05-20,1.264408823
2013-05-21,1.26492592
2013-05-22,1.265931592
2013-05-23,1.265549342
2013-05-24,1.266249123
2013-05-27,1.267270086
2013-05-28,1.268292683
2013-05-29,1.267253199
2013-05-30,1.266396986
2013-05-31,1.265487447
2013-06-03,1.266081681
2013-06-04,1.26641103
2013-06-05,1.266564397
2013-06-06,1.264965205
2013-06-07,1.265697096
2013-06-10,1.265876445
2013-06-11,1.265974272
2013-06-12,1.266104707
2013-06-13,1.265678747
2013-06-14,1.265977229
2013-06-17,1.266947492
2013-06-18,1.265979146
2013-06-19,1.266061635
2013-06-20,1.265303458
2013-06-21,1.265050222
2013-06-24,1.262691037
2013-06-25,1.26253092
2013-06-26,1.262185202
2013-06-27,1.261693339
2013-06-28,1.263727311
2013-07-01,1.264639217
2013-07-02,1.26428816
2013-07-03,1.264987521
2013-07-04,1.264766565
2013-07-05,1.264545692
2013-07-08,1.26452223
2013-07-09,1.265429984
2013-07-10,1.264656971
2013-07-11,1.264417278
2013-07-12,1.264090072
2013-07-15,1.264187835
2013-07-16,1.264520336
2013-07-17,1.264461867
2013-07-18,1.263271886
2013-07-19,1.263942519
2013-07-22,1.263419321
2013-07-23,1.264090991
2013-07-24,1.264301314
2013-07-25,1.264581228
2013-07-26,1.265102094
2013-07-29,1.265006604
2013-07-30,1.264763924
2013-07-31,1.265550552
2013-08-01,1.265195263
2013-08-02,1.265348408
2013-08-05,1.266454404
2013-08-06,1.267026056
2013-08-07,1.267592744
2013-08-08,1.267207999
2013-08-09,1.266902984
2013-08-12,1.26688229
2013-08-13,1.266804972
2013-08-14,1.267375921
2013-08-15,1.268720449
2013-08-16,1.268165835
2013-08-19,1.266532739
2013-08-20,1.266096243
2013-08-21,1.266475036
2013-08-22,1.267097997
2013-08-23,1.267173203
2013-08-26,1.267180811
2013-08-27,1.267104489
2013-08-28,1.267131793
2013-08-29,1.26709475
2013-08-30,1.267203765
2013-09-02,1.26711439
2013-09-03,1.267025031
2013-09-04,1.267242929
2013-09-05,1.267395496
2013-09-06,1.267180811
2013-09-09,1.266970544
2013-09-10,1.267211373
2013-09-11,1.267427227
2013-09-12,1.267449083
2013-09-13,1.26734874
2013-09-16,1.266969509
2013-09-17,1.266691716
2013-09-18,1.266770136
2013-09-19,1.266704787
2013-09-20,1.266672112
2013-09-23,1.266858385
2013-09-24,1.266762515
2013-09-25,1.267151495
2013-09-26,1.267150374
2013-09-27,1.26741202
2013-09-30,1.267173203
2013-10-01,1.266911765
2013-10-02,1.267075163
2013-10-03,1.267026144
2013-10-04,1.267009804
2013-10-07,1.267026144
2013-10-08,1.266901938
2013-10-09,1.266872519
2013-10-10,1.267954085
2013-10-11,1.266926998
2013-10-14,1.268747443
2013-10-15,1.270573198
2013-10-16,1.271280084
2013-10-17,1.271564447
2013-10-18,1.271725224
2013-10-21,1.272487033
2013-10-22,1.272449733
2013-10-23,1.274390545
2013-10-24,1.274866398
2013-10-25,1.274335119
2013-10-28,1.274103167
2013-10-29,1.273215429
2013-10-30,1.272400551
2013-10-31,1.272172358
2013-11-01,1.271031102
2013-11-04,1.271203673
2013-11-05,1.271462783
2013-11-06,1.27225277
2013-11-07,1.272715332
2013-11-08,1.272761605
2013-11-11,1.27271384
2013-11-12,1.272666087
2013-11-13,1.272494502
2013-11-14,1.272734734
2013-11-15,1.272734734
2013-11-18,1.272546702
2013-11-19,1.27230648
2013-11-20,1.272302011
2013-11-21,1.272695932
2013-11-22,1.272355789
2013-11-25,1.272654147
2013-11-26,1.272400492
2013-11-27,1.272578051
2013-11-28,1.272561636
2013-11-29,1.272545222
2013-12-02,1.272293072
2013-12-03,1.272646682
2013-12-04,1.272766076
2013-12-05,1.273139254
2013-12-06,1.275047275
2013-12-09,1.278498755
2013-12-10,1.277192982
2013-12-11,1.277226907
2013-12-12,1.277104266
2013-12-13,1.277120738
2013-12-16,1.277041161
2013-12-17,1.277035597
2013-12-18,1.276859981
2013-12-19,1.277099702
2013-12-20,1.277182059
2013-12-23,1.277410745
2013-12-24,1.27725985
2013-12-25,1.276964497
2013-12-26,1.276669301
2013-12-27,1.277898622
2013-12-30,1.279212102
2013-12-31,1.280853032
2014-01-01,1.281160929
2014-01-02,1.281468994
2014-01-03,1.281497397
2014-01-06,1.281177715
2014-01-07,1.281537673
2014-01-08,1.281490663
2014-01-09,1.280822597
2014-01-10,1.281283564
2014-01-13,1.283144692
2014-01-14,1.283666104
2014-01-15,1.28257166
2014-01-16,1.280587895
2014-01-17,1.282
2014-01-20,1.282026065
2014-01-21,1.28205213
2014-01-22,1.282161037
2014-01-23,1.282062299
2014-01-24,1.283602817
2014-01-27,1.284086775
2014-01-28,1.28322811
2014-01-29,1.282194405
2014-01-30,1.281567657
2014-01-31,1.28143258
2014-02-03,1.281270627
2014-02-04,1.281270627
2014-02-05,1.280874587
2014-02-06,1.280346535
2014-02-07,1.279684639
2014-02-10,1.280206631
2014-02-11,1.279846867
2014-02-12,1.27962187
2014-02-13,1.279114644
2014-02-14,1.2782613
2014-02-17,1.27823335
2014-02-18,1.278205403
2014-02-19,1.276307561
2014-02-20,1.274904655
2014-02-21,1.273279485
2014-02-24,1.272359057
2014-02-25,1.267312183
2014-02-26,1.267099913
2014-02-27,1.266486072
2014-02-28,1.26298659
2014-03-03,1.262609828
2014-03-04,1.263226437
2014-03-05,1.266416449
2014-03-06,1.268456924
2014-03-07,1.266854941
2014-03-10,1.264405454
2014-03-11,1.264198576
2014-03-12,1.263784012
2014-03-13,1.265405238
2014-03-14,1.262780488
2014-03-17,1.257012901
2014-03-18,1.254384832
2014-03-19,1.253770142
2014-03-20,1.246832496
2014-03-21,1.246449685
2014-03-24,1.252098263
2014-03-25,1.250814385
2014-03-26,1.249645641
2014-03-27,1.248780645
2014-03-28,1.248820774
2014-03-31,1.247780066
2014-04-01,1.249806651
2014-04-02,1.249895253
2014-04-03,1.249041899
2014-04-04,1.248687981
2014-04-07,1.24839821
2014-04-08,1.251395927
2014-04-09,1.250471751
2014-04-10,1.247959693
2014-04-11,1.248168601
2014-04-14,1.246791882
2014-04-15,1.246307161
2014-04-16,1.246640087
2014-04-17,1.246896507
2014-04-18,1.245806555
2014-04-21,1.245162119
2014-04-22,1.242797364
2014-04-23,1.242969827
2014-04-24,1.240813648
2014-04-25,1.23985352
2014-04-28,1.240115163
2014-04-29,1.239013711
2014-04-30,1.238628557
2014-05-01,1.238644534
2014-05-02,1.238676487
2014-05-05,1.241285447
2014-05-06,1.245185126
2014-05-07,1.243307832
2014-05-08,1.24479702
2014-05-09,1.244804882
2014-05-12,1.242976717
2014-05-13,1.244609283
2014-05-14,1.244613211
2014-05-15,1.244449439
2014-05-16,1.243762735
2014-05-19,1.242929066
2014-05-20,1.242829889
2014-05-21,1.243715409
2014-05-22,1.243584397
2014-05-23,1.243237176
2014-05-26,1.24215358
2014-05-27,1.241071857
2014-05-28,1.239737747
2014-05-29,1.242917836
2014-05-30,1.240943798
2014-06-02,1.241167902
2014-06-03,1.239717922
2014-06-04,1.240551093
2014-06-05,1.239448104
2014-06-06,1.240423694
2014-06-09,1.242223184
2014-06-10,1.245404884
2014-06-11,1.244697079
2014-06-12,1.246658625
2014-06-13,1.248429699
2014-06-16,1.245140562
2014-06-17,1.244944831
2014-06-18,1.244009694
2014-06-19,1.24430459
2014-06-20,1.245404884
2014-06-23,1.245092369
2014-06-24,1.244077807
2014-06-25,1.243363329
2014-06-26,1.245521009
2014-06-27,1.246654873
2014-06-30,1.249306854
2014-07-01,1.250100815
2014-07-02,1.247983124
2014-07-03,1.247814538
2014-07-04,1.248519947
2014-07-07,1.249226256
2014-07-08,1.249717787
2014-07-09,1.250120979
2014-07-10,1.249536462
2014-07-11,1.249250411
2014-07-14,1.248779387
2014-07-15,1.24848973
2014-07-16,1.249310873
2014-07-17,1.249447875
2014-07-18,1.248683045
2014-07-21,1.248502126
2014-07-22,1.249657396
2014-07-23,1.250459811
2014-07-24,1.251146197
2014-07-25,1.251756497
2014-07-28,1.252561823
2014-07-29,1.254045307
2014-07-30,1.255801141
2014-07-31,1.255276414
2014-08-01,1.254122635
2014-08-04,1.254451279
2014-08-05,1.25591119
2014-08-06,1.257622718
2014-08-07,1.257927878
2014-08-08,1.259206914
2014-08-11,1.259816669
2014-08-12,1.258806334
2014-08-13,1.259657734
2014-08-14,1.258676411
2014-08-15,1.260777615
2014-08-18,1.261798942
2014-08-19,1.261750102
2014-08-20,1.262415506
2014-08-21,1.25995773
2014-08-22,1.25995773
2014-08-25,1.259359766
2014-08-26,1.259793245
2014-08-27,1.261614846
2014-08-28,1.261742344
2014-08-29,1.261614846
2014-09-01,1.261109755
2014-09-02,1.260605075
2014-09-03,1.262083116
2014-09-04,1.262597136
2014-09-05,1.262214984
2014-09-08,1.26228013
2014-09-09,1.263029236
2014-09-10,1.264653091
2014-09-11,1.264458765
2014-09-12,1.263448748
2014-09-15,1.262020679
2014-09-16,1.261165981
2014-09-17,1.262702615
2014-09-18,1.262394137
2014-09-19,1.262348745
2014-09-22,1.26242671
2014-09-23,1.263052405
2014-09-24,1.263635771
2014-09-25,1.263760085
2014-09-26,1.266297783
2014-09-29,1.262704285
2014-09-30,1.265037471
2014-10-01,1.264988596
2014-10-02,1.264613881
2014-10-03,1.263549727
2014-10-06,1.263337949
2014-10-07,1.263191333
2014-10-08,1.26363118
2014-10-09,1.265273495
2014-10-10,1.265658642
2014-10-13,1.266004667
2014-10-14,1.26635102
2014-10-15,1.266469657
2014-10-16,1.266944308
2014-10-17,1.266991084
2014-10-20,1.266914899
2014-10-21,1.267298423
2014-10-22,1.26784897
2014-10-23,1.267772512
2014-10-24,1.268065001
2014-10-27,1.268345324
2014-10-28,1.268984132
2014-10-29,1.269052645
2014-10-30,1.26844946
2014-10-31,1.268748773
2014-11-03,1.267530812
2014-11-04,1.267735078
2014-11-05,1.267997056
2014-11-06,1.268419589
2014-11-07,1.266198448
2014-11-10,1.267233208
2014-11-11,1.266572476
2014-11-12,1.265912467
2014-11-13,1.266201852
2014-11-14,1.265132974
2014-11-17,1.266255184
2014-11-18,1.26694223
2014-11-19,1.267363948
2014-11-20,1.266650335
2014-11-21,1.266605708
2014-11-24,1.26297792
2014-11-25,1.263890473
2014-11-26,1.263056723
2014-11-27,1.262728494
2014-11-28,1.262400495
2014-12-01,1.260505568
2014-12-02,1.261099366
2014-12-03,1.260557082
2014-12-04,1.259566793
2014-12-05,1.260386686
2014-12-08,1.255731065
2014-12-09,1.253479913
2014-12-10,1.25495847
2014-12-11,1.252549248
2014-12-12,1.253055089
2014-12-15,1.252407108
2014-12-16,1.252835676
2014-12-17,1.251690689
2014-12-18,1.248088962
2014-12-19,1.246671812
2014-12-22,1.24670085
2014-12-23,1.246016448
2014-12-24,1.248889747
2014-12-25,1.248889747
2014-12-26,1.247833079
2014-12-29,1.246777667
2014-12-30,1.250923164
2014-12-31,1.249572898
2015-01-01,1.249830771
2015-01-02,1.250088644
2015-01-05,1.24687706
2015-01-06,1.248
2015-01-07,1.248217361
2015-01-08,1.247976441
2015-01-09,1.248771845
2015-01-12,1.249907298
2015-01-13,1.251024689
2015-01-14,1.251577707
2015-01-15,1.253176014
2015-01-16,1.249319262
2015-01-19,1.248434003
2015-01-20,1.247549769
2015-01-21,1.247874807
2015-01-22,1.248626882
2015-01-23,1.244576824
2015-01-26,1.239657792
2015-01-27,1.24167868
2015-01-28,1.240864346
2015-01-29,1.240990666
2015-01-30,1.240563245
2015-02-02,1.23861712
2015-02-03,1.239112716
2015-02-04,1.240827891
2015-02-05,1.239970568
2015-02-06,1.24203342
2015-02-09,1.241183345
2015-02-10,1.242544668
2015-02-11,1.242286373
2015-02-12,1.242024343
2015-02-13,1.242856456
2015-02-16,1.241642323
2015-02-17,1.240431043
2015-02-18,1.240431043
2015-02-19,1.240255172
2015-02-20,1.240319125
2015-02-23,1.240175231
2015-02-24,1.23999936
2015-02-25,1.239235673
2015-02-26,1.239134603
2015-02-27,1.237084297
2015-03-02,1.236367985
2015-03-03,1.235826652
2015-03-04,1.236726687
2015-03-05,1.237830764
2015-03-06,1.238661769
2015-03-09,1.238923924
2015-03-10,1.239335622
2015-03-11,1.240109881
2015-03-12,1.240696969
2015-03-13,1.241287849
2015-03-16,1.240083041
2015-03-17,1.24231077
2015-03-18,1.245484757
2015-03-19,1.252457429
2015-03-20,1.250737463
2015-03-23,1.248104933
2015-03-24,1.25005641
2015-03-25,1.248534999
2015-03-26,1.248635332
2015-03-27,1.247630541
2015-03-30,1.249480383
2015-03-31,1.250846911
2015-04-01,1.250871305
2015-04-02,1.251048928
2015-04-03,1.251671242
2015-04-06,1.251816567
2015-04-07,1.251150028
2015-04-08,1.249645276
2015-04-09,1.248976632
2015-04-10,1.24833285
2015-04-13,1.246942979
2015-04-14,1.248015713
2015-04-15,1.249592985
2015-04-16,1.251327748
2015-04-17,1.250645411
2015-04-20,1.249717806
2015-04-21,1.249814546
2015-04-22,1.251473509
2015-04-23,1.250423558
2015-04-24,1.251396738
2015-04-27,1.246265176
2015-04-28,1.249375353
2015-04-29,1.250286341
2015-04-30,1.249846819
2015-05-01,1.249782321
2015-05-04,1.248771845
2015-05-05,1.249121789
2015-05-06,1.250270157
2015-05-07,1.249359522
2015-05-08,1.248888603
2015-05-11,1.248832265
2015-05-12,1.248719518
2015-05-13,1.249407669
2015-05-14,1.249818586
2015-05-15,1.249053198
2015-05-18,1.249496301
2015-05-19,1.249017144
2015-05-20,1.249613128
2015-05-21,1.251396107
2015-05-22,1.250839089
2015-05-25,1.250221756
2015-05-26,1.249605081
2015-05-27,1.251294125
2015-05-28,1.250524177
2015-05-29,1.250968054
2015-06-01,1.251383399
2015-06-02,1.251468216
2015-06-03,1.250968117
2015-06-04,1.250233848
2015-06-05,1.250016123
2015-06-08,1.249222439
2015-06-09,1.249584992
2015-06-10,1.249278866
2015-06-11,1.249061468
2015-06-12,1.248852306
2015-06-15,1.248759665
2015-06-16,1.248594669
2015-06-17,1.248671198
2015-06-18,1.248908578
2015-06-19,1.248530241
2015-06-22,1.248562455
2015-06-23,1.249105791
2015-06-24,1.249238652
2015-06-25,1.248598673
2015-06-26,1.248759665
2015-06-29,1.248707417
2015-06-30,1.250209677
2015-07-01,1.250225777
2015-07-02,1.249306943
2015-07-03,1.248982946
2015-07-06,1.248659183
2015-07-07,1.248900913
2015-07-08,1.248554448
2015-07-09,1.248445704
2015-07-10,1.248308961
2015-07-13,1.24873955
2015-07-14,1.248405489
2015-07-15,1.248381173
2015-07-16,1.248204335
2015-07-17,1.248353064
2015-07-20,1.248216443
2015-07-21,1.248216443
2015-07-22,1.248176123
2015-07-23,1.248296855
2015-07-24,1.248296964
2015-07-27,1.248280749
2015-07-28,1.248485922
2015-07-29,1.248417594
2015-07-30,1.248437903
2015-07-31,1.248272863
2015-08-03,1.248747725
2015-08-04,1.248832265
2015-08-05,1.248373486
2015-08-06,1.248148029
2015-08-07,1.248651086
2015-08-10,1.248574742
2015-08-11,1.22765372
2015-08-12,1.214738821
2015-08-13,1.212059642
2015-08-14,1.213525693
2015-08-17,1.21286579
2015-08-18,1.212942686
2015-08-19,1.212192758
2015-08-20,1.21369863
2015-08-21,1.213204564
2015-08-24,1.210966906
2015-08-25,1.208789495
2015-08-26,1.209556357
2015-08-27,1.209873074
2015-08-28,1.21300673
2015-08-31,1.215495609
2015-09-01,1.217978941
2015-09-02,1.219627345
2015-09-03,1.219594329
2015-09-04,1.219515649
2015-09-07,1.218527428
2015-09-08,1.217540883
2015-09-09,1.215515619
2015-09-10,1.215289321
2015-09-11,1.215972386
2015-09-14,1.217328474
2015-09-15,1.216942765
2015-09-16,1.21675511
2015-09-17,1.217691885
2015-09-18,1.218001509
2015-09-21,1.217130473
2015-09-22,1.215607843
2015-09-23,1.214048499
2015-09-24,1.214422263
2015-09-25,1.215996988
2015-09-28,1.216942765
2015-09-29,1.218151239
2015-09-30,1.219381333
2015-10-01,1.219339511
2015-10-02,1.219355245
2015-10-05,1.219339511
2015-10-06,1.219339511
2015-10-07,1.219308044
2015-10-08,1.219915314
2015-10-09,1.221402679
2015-10-12,1.221736149
2015-10-13,1.222069792
2015-10-14,1.221187482
2015-10-15,1.221229455
2015-10-16,1.22003054
2015-10-19,1.21872592
2015-10-20,1.22084121
2015-10-21,1.220769606
2015-10-22,1.218962832
2015-10-23,1.220703125
2015-10-26,1.220067069
2015-10-27,1.220130044
2015-10-28,1.218838961
2015-10-29,1.219410876
2015-10-30,1.226590693
2015-11-02,1.226638177
2015-11-03,1.226654004
2015-11-04,1.223258677
2015-11-05,1.226764799
2015-11-06,1.226843938
2015-11-09,1.218472469
2015-11-10,1.218653208
2015-11-11,1.217726034
2015-11-12,1.216800126
2015-11-13,1.216113595
2015-11-16,1.21689168
2015-11-17,1.215285945
2015-11-18,1.214117868
2015-11-19,1.2142264
2015-11-20,1.214067518
2015-11-23,1.213053686
2015-11-24,1.2131553
2015-11-25,1.213331872
2015-11-26,1.212709862
2015-11-27,1.212088514
2015-11-30,1.213562294
2015-12-01,1.213437065
2015-12-02,1.213217914
2015-12-03,1.213123992
2015-12-04,1.2131553
2015-12-07,1.209406844
2015-12-08,1.20792681
2015-12-09,1.205865878
2015-12-10,1.204092413
2015-12-11,1.200904893
2015-12-14,1.200006193
2015-12-15,1.199752322
2015-12-16,1.197425954
2015-12-17,1.195982845
2015-12-18,1.196404321
2015-12-21,1.196487275
2015-12-22,1.19667171
2015-12-23,1.196640057
2015-12-24,1.196964082
2015-12-25,1.196740674
2015-12-28,1.196517336
2015-12-29,1.196332088
2015-12-30,1.194310897
2015-12-31,1.196501899
2016-01-01,1.191336961
2016-01-04,1.186216291
2016-01-05,1.188564682
2016-01-06,1.182582299
2016-01-07,1.176182386
2016-01-08,1.177516229
2016-01-11,1.181515036
2016-01-12,1.181385084
2016-01-13,1.181035008
2016-01-14,1.181557421
2016-01-15,1.184113001
2016-01-18,1.186228851
2016-01-19,1.188346533
2016-01-20,1.189857254
2016-01-21,1.187707086
2016-01-22,1.184440931
2016-01-25,1.18378173
2016-01-26,1.184124958
2016-01-27,1.185015128
2016-01-28,1.185492212
2016-01-29,1.184389828
2016-02-01,1.181838913
2016-02-02,1.184345315
2016-02-03,1.185569832
2016-02-04,1.186385935
2016-02-05,1.185953432
2016-02-08,1.185679501
2016-02-09,1.18634911
2016-02-10,1.185649064
2016-02-11,1.18587734
2016-02-12,1.185359915
2016-02-15,1.190419061
2016-02-16,1.19552138
2016-02-17,1.192860426
2016-02-18,1.193775609
2016-02-19,1.191987976
2016-02-22,1.191987361
2016-02-23,1.190567397
2016-02-24,1.190105682
2016-02-25,1.189574403
2016-02-26,1.188622113
2016-02-29,1.186768409
2016-03-01,1.186396947
2016-03-02,1.186964686
2016-03-03,1.189781357
2016-03-04,1.193394196
2016-03-07,1.191635331
2016-03-08,1.194191624
2016-03-09,1.192658014
2016-03-10,1.193161211
2016-03-11,1.194548814
2016-03-14,1.193801551
2016-03-15,1.191829212
2016-03-16,1.190707021
2016-03-17,1.197930342
2016-03-18,1.198679695
2016-03-21,1.196198235
2016-03-22,1.195079845
2016-03-23,1.19223495
2016-03-24,1.191588355
2016-03-25,1.1910918
2016-03-28,1.192541237
2016-03-29,1.192167591
2016-03-30,1.199279173
2016-03-31,1.202900124
2016-04-01,1.197001976
2016-04-04,1.197079165
2016-04-05,1.197714639
2016-04-06,1.197205928
2016-04-07,1.200777102
2016-04-08,1.200114501
2016-04-11,1.200681325
2016-04-12,1.199662742
2016-04-13,1.197443182
2016-04-14,1.196759759
2016-04-15,1.198007106
2016-04-18,1.198278659
2016-04-19,1.201019033
2016-04-20,1.19919598
2016-04-21,1.196852338
2016-04-22,1.193218879
2016-04-25,1.195053929
2016-04-26,1.194869425
2016-04-27,1.19434863
2016-04-28,1.198254422
2016-04-29,1.198214341
2016-05-02,1.198538725
2016-05-03,1.195947612
2016-05-04,1.194980368
2016-05-05,1.19353549
2016-05-06,1.194474373
2016-05-09,1.19167946
2016-05-10,1.191250959
2016-05-11,1.195486058
2016-05-12,1.191003991
2016-05-13,1.188940798
2016-05-16,1.190844379
2016-05-17,1.191100199
2016-05-18,1.187731375
2016-05-19,1.187117971
2016-05-20,1.186180041
2016-05-23,1.18523492
2016-05-24,1.184845619
2016-05-25,1.18493088
2016-05-26,1.184772658
2016-05-27,1.183616551
2016-05-30,1.182166148
2016-05-31,1.180719779
2016-06-01,1.181921884
2016-06-02,1.180673099
2016-06-03,1.183506505
2016-06-06,1.183764917
2016-06-07,1.18192056
2016-06-08,1.183231707
2016-06-09,1.183396859
2016-06-10,1.183534075
2016-06-13,1.17923826
2016-06-14,1.177066586
2016-06-15,1.179615414
2016-06-16,1.177696171
2016-06-17,1.178651156
2016-06-20,1.179981146
2016-06-21,1.177439182
2016-06-22,1.179908745
2016-06-23,1.179920901
2016-06-24,1.172894936
2016-06-27,1.167326003
2016-06-28,1.167614748
2016-06-29,1.169359457
2016-06-30,1.167501768
2016-07-01,1.165807625
2016-07-04,1.163902578
2016-07-05,1.162003894
2016-07-06,1.159686099
2016-07-07,1.161581075
2016-07-08,1.160037681
2016-07-11,1.159242046
2016-07-12,1.160394855
2016-07-13,1.160477017
2016-07-14,1.160761066
2016-07-15,1.159694908
2016-07-18,1.157238148
2016-07-19,1.158760515
2016-07-20,1.161653685
2016-07-21,1.162223721
2016-07-22,1.161893349
2016-07-25,1.161403351
2016-07-26,1.163172889
2016-07-27,1.163272346
2016-07-28,1.165694791
2016-07-29,1.169004535
2016-08-01,1.168440704
2016-08-02,1.171590755
2016-08-03,1.169782871
2016-08-04,1.168373802
2016-08-05,1.165654592
2016-08-08,1.164767182
2016-08-09,1.165865023
2016-08-10,1.169070766
2016-08-11,1.170323204
2016-08-12,1.169486159
2016-08-15,1.168675606
2016-08-16,1.170727657
2016-08-17,1.169174406
2016-08-18,1.169404347
2016-08-19,1.165601744
2016-08-22,1.166303121
2016-08-23,1.168022538
2016-08-24,1.164974009
2016-08-25,1.165144231
2016-08-26,1.163007947
2016-08-29,1.161392737
2016-08-30,1.161729911
2016-08-31,1.161614951
2016-09-01,1.162741894
2016-09-02,1.161176823
2016-09-05,1.161723291
2016-09-06,1.162270316
2016-09-07,1.164459459
2016-09-08,1.163940576
2016-09-09,1.161610111
2016-09-12,1.161570941
2016-09-13,1.161750172
2016-09-14,1.163026369
2016-09-15,1.162996387
2016-09-16,1.163071342
2016-09-19,1.16396099
2016-09-20,1.163028486
2016-09-21,1.162890771
2016-09-22,1.163980189
2016-09-23,1.163067926
2016-09-26,1.163055052
2016-09-27,1.162705612
2016-09-28,1.161906189
2016-09-29,1.163570893
2016-09-30,1.163005174
2016-10-03,1.163035165
2016-10-04,1.163125141
2016-10-05,1.163260103
2016-10-06,1.163305091
2016-10-07,1.163425058
2016-10-10,1.159163399
2016-10-11,1.15493377
2016-10-12,1.15467401
2016-10-13,1.153372591
2016-10-14,1.153247023
2016-10-17,1.152056422
2016-10-18,1.151110518
2016-10-19,1.151462075
2016-10-20,1.150328445
2016-10-21,1.146657995
2016-10-24,1.14540515
2016-10-25,1.144423134
2016-10-26,1.145541016
2016-10-27,1.143411138
2016-10-28,1.144273908
2016-10-31,1.144888167
2016-11-01,1.146621322
2016-11-02,1.14711712
2016-11-03,1.146941371
2016-11-04,1.148443747
2016-11-07,1.144980809
2016-11-08,1.143130896
2016-11-09,1.14435804
2016-11-10,1.140835748
2016-11-11,1.137128575
2016-11-14,1.133446316
2016-11-15,1.131556684
2016-11-16,1.128035481
2016-11-17,1.129510441
2016-11-18,1.126304938
2016-11-21,1.125322847
2016-11-22,1.125972706
2016-11-23,1.12090469
2016-11-24,1.121000788
2016-11-25,1.121096912
2016-11-28,1.12309029
2016-11-29,1.125179522
2016-11-30,1.126806804
2016-12-01,1.126877815
2016-12-02,1.126645358
2016-12-05,1.127662668
2016-12-06,1.127373165
2016-12-07,1.127653388
2016-12-08,1.12775734
2016-12-09,1.12375076
2016-12-12,1.123571584
2016-12-13,1.124347675
2016-12-14,1.123636364
2016-12-15,1.11802334
2016-12-16,1.116110951
2016-12-19,1.117515035
2016-12-20,1.117863826
2016-12-21,1.118792333
2016-12-22,1.117254185
2016-12-23,1.117453048
2016-12-26,1.117043254
2016-12-27,1.116633809
2016-12-28,1.1152403
2016-12-29,1.115251312
2016-12-30,1.116721878
2017-01-02,1.115751232
2017-01-03,1.114782609
2017-01-04,1.118605926
2017-01-05,1.125889357
2017-01-06,1.121010177
2017-01-09,1.118327325
2017-01-10,1.120873085
2017-01-11,1.118056657
2017-01-12,1.125577007
2017-01-13,1.124128434
2017-01-16,1.128009891
2017-01-17,1.131917688
2017-01-18,1.134625512
2017-01-19,1.129411765
2017-01-20,1.130712713
2017-01-23,1.132016814
2017-01-24,1.131456495
2017-01-25,1.127303377
2017-01-26,1.128082829
2017-01-27,1.128140996
2017-01-30,1.128068288
2017-01-31,1.128126454
2017-02-01,1.128330037
2017-02-02,1.128344579
2017-02-03,1.13010925
2017-02-06,1.130889213
2017-02-07,1.127359382
2017-02-08,1.12937409
2017-02-09,1.129842703
2017-02-10,1.128142494
2017-02-13,1.12818425
2017-02-14,1.130315081
2017-02-15,1.12985368
2017-02-16,1.132536451
2017-02-17,1.130681818
2017-02-20,1.129246999
2017-02-21,1.127815724
2017-02-22,1.128466516
2017-02-23,1.130759815
2017-02-24,1.130584893
2017-02-27,1.130120131
2017-02-28,1.130517731
2017-03-01,1.128470506
2017-03-02,1.127127258
2017-03-03,1.125895525
2017-03-06,1.125864694
2017-03-07,1.12526087
2017-03-08,1.123884074
2017-03-09,1.12393249
2017-03-10,1.124547429
2017-03-13,1.124373642
2017-03-14,1.123680023
2017-03-15,1.123777701
2017-03-16,1.122681904
2017-03-17,1.12484058
2017-03-20,1.124561912
2017-03-21,1.128243498
2017-03-22,1.129083376
2017-03-23,1.12819023
2017-03-24,1.12886066
2017-03-27,1.130810779
2017-03-28,1.12924003
2017-03-29,1.127890939
2017-03-30,1.128241615
2017-03-31,1.129038819
2017-04-03,1.12895165
2017-04-04,1.128937122
2017-04-05,1.127205456
2017-04-06,1.126676818
2017-04-07,1.126315637
2017-04-10,1.126239346
2017-04-11,1.127937526
2017-04-12,1.128001161
2017-04-13,1.128831772
2017-04-14,1.129163943
2017-04-17,1.129680233
2017-04-18,1.130346913
2017-04-19,1.128971827
2017-04-20,1.13002907
2017-04-21,1.129450214
2017-04-24,1.130084253
2017-04-25,1.130361502
2017-04-26,1.128964857
2017-04-27,1.128237478
2017-04-28,1.128867925
2017-05-01,1.128809869
2017-05-02,1.128515279
2017-05-03,1.128204385
2017-05-04,1.128424136
2017-05-05,1.127758219
2017-05-08,1.127462341
2017-05-09,1.127005502
2017-05-10,1.128283897
2017-05-11,1.128387872
2017-05-12,1.129922287
2017-05-15,1.130391872
2017-05-16,1.131217316
2017-05-17,1.132232126
2017-05-18,1.129863531
2017-05-19,1.13082958
2017-05-22,1.131080374
2017-05-23,1.130603949
2017-05-24,1.130728917
2017-05-25,1.134610904
2017-05-26,1.137147027
2017-05-29,1.137190806
2017-05-30,1.137234586
2017-05-31,1.144365473
2017-06-01,1.145320378
2017-06-02,1.144275538
2017-06-05,1.14536234
2017-06-06,1.147045404
2017-06-07,1.147214249
2017-06-08,1.146742168
2017-06-09,1.147153156
2017-06-12,1.147497573
2017-06-13,1.147070505
2017-06-14,1.148671341
2017-06-15,1.146324621
2017-06-16,1.145498333
2017-06-19,1.144045175
2017-06-20,1.142373874
2017-06-21,1.142482607
2017-06-22,1.142292201
2017-06-23,1.141224669
2017-06-26,1.140446316
2017-06-27,1.145359765
2017-06-28,1.147770064
2017-06-29,1.150324292
2017-06-30,1.151372561
2017-07-03,1.148799718
2017-07-04,1.148500871
2017-07-05,1.148202074
2017-07-06,1.148992499
2017-07-07,1.148106233
2017-07-10,1.148502043
2017-07-11,1.148698721
2017-07-12,1.150887792
2017-07-13,1.15121268
2017-07-14,1.152463058
2017-07-17,1.1528143
2017-07-18,1.157062164
2017-07-19,1.156596703
2017-07-20,1.155853189
2017-07-21,1.154116726
2017-07-24,1.156768611
2017-07-25,1.156856063
2017-07-26,1.156848808
2017-07-27,1.158433467
2017-07-28,1.159348
2017-07-31,1.161511005
2017-08-01,1.163034093
2017-08-02,1.163229167
2017-08-03,1.164139985
2017-08-04,1.162296349
2017-08-07,1.163911497
2017-08-08,1.166818297
2017-08-09,1.171657674
2017-08-10,1.176090882
2017-08-11,1.173827539
2017-08-14,1.172666617
2017-08-15,1.170424115
2017-08-16,1.16916293
2017-08-17,1.172366252
2017-08-18,1.172908546
2017-08-21,1.174425934
2017-08-22,1.17512012
2017-08-23,1.175607265
2017-08-24,1.17475976
2017-08-25,1.176784774
2017-08-28,1.183781248
2017-08-29,1.186503905
2017-08-30,1.1871416
2017-08-31,1.187879432
2017-09-01,1.193571516
2017-09-04,1.1955507
2017-09-05,1.197536154
2017-09-06,1.199858941
2017-09-07,1.205275335
2017-09-08,1.205934572
2017-09-11,1.197060717
2017-09-12,1.195487801
2017-09-13,1.194541284
2017-09-14,1.192307692
2017-09-15,1.193587786
2017-09-18,1.189258273
2017-09-19,1.186109422
2017-09-20,1.187138508
2017-09-21,1.185253792
2017-09-22,1.184873822
2017-09-25,1.180483162
2017-09-26,1.177140619
2017-09-27,1.176054217
2017-09-28,1.172726044
2017-09-29,1.174003878
2017-10-02,1.173823516
2017-10-03,1.173943757
2017-10-04,1.173327522
2017-10-05,1.173733335
2017-10-06,1.173207281
2017-10-09,1.180339521
2017-10-10,1.187560872
2017-10-11,1.185000759
2017-10-12,1.185711032
2017-10-13,1.186790302
2017-10-16,1.184943462
2017-10-17,1.179054666
2017-10-18,1.178415094
2017-10-19,1.179657018
2017-10-20,1.178922717
2017-10-23,1.175610124
2017-10-24,1.176483003
2017-10-25,1.17611153
2017-10-26,1.175231956
2017-10-27,1.173629282
2017-10-30,1.172907456
2017-10-31,1.176200096
2017-11-01,1.181677724
2017-11-02,1.180980202
2017-11-03,1.175753466
2017-11-06,1.176712763
2017-11-07,1.175685447
2017-11-08,1.176697007
2017-11-09,1.175042936
2017-11-10,1.175101497
2017-11-13,1.175160051
2017-11-14,1.176081387
2017-11-15,1.179214502
2017-11-16,1.178413532
2017-11-17,1.17919843
2017-11-20,1.179228621
2017-11-21,1.17873689
2017-11-22,1.182005266
2017-11-23,1.182588353
2017-11-24,1.183172217
2017-11-27,1.182576137
2017-11-28,1.181333656
2017-11-29,1.181446793
2017-11-30,1.181615978
2017-12-01,1.181154271
2017-12-04,1.181143764
2017-12-05,1.180958138
2017-12-06,1.181353574
2017-12-07,1.180345458
2017-12-08,1.179020831
2017-12-11,1.179644881
2017-12-12,1.179111917
2017-12-13,1.179519729
2017-12-14,1.181310617
2017-12-15,1.182332647
2017-12-18,1.182741194
2017-12-19,1.182907638
2017-12-20,1.189399583
2017-12-21,1.187656646
2017-12-22,1.188395437
2017-12-25,1.19141021
2017-12-26,1.194439774
2017-12-27,1.191595485
2017-12-28,1.196426931
2017-12-29,1.200805373
2018-01-01,1.202472821
2018-01-02,1.2041442
2018-01-03,1.202353484
2018-01-04,1.204328738
2018-01-05,1.205179191
2018-01-08,1.203817146
2018-01-09,1.198259351
2018-01-10,1.202351856
2018-01-11,1.204261346
2018-01-12,1.210828548
2018-01-15,1.21283391
2018-01-16,1.214845873
2018-01-17,1.215404943
2018-01-18,1.218169069
2018-01-19,1.221644007
2018-01-22,1.220847974
2018-01-23,1.221484375
2018-01-24,1.228216811
2018-01-25,1.237050753
2018-01-26,1.237029067
2018-01-29,1.234398686
2018-01-30,1.237298059
2018-01-31,1.244569628
2018-02-01,1.24216678
2018-02-02,1.241743935
2018-02-05,1.244391408
2018-02-06,1.244628362
2018-02-07,1.24795288
2018-02-08,1.236895385
2018-02-09,1.241844805
2018-02-12,1.236411067
2018-02-13,1.23423793
2018-02-14,1.232888805
2018-02-15,1.232794224
2018-02-16,1.232967622
2018-02-19,1.233979288
2018-02-20,1.234992344
2018-02-21,1.235181765
2018-02-22,1.232783476
2018-02-23,1.235342418
2018-02-26,1.239578547
2018-02-27,1.239009641
2018-02-28,1.236757269
2018-03-01,1.23141666
2018-03-02,1.23462824
2018-03-05,1.233481911
2018-03-06,1.24157989
2018-03-07,1.239319889
2018-03-08,1.237091609
2018-03-09,1.238445129
2018-03-12,1.239197092
2018-03-13,1.240914846
2018-03-14,1.241764333
2018-03-15,1.240704408
2018-03-16,1.239099526
2018-03-19,1.239165126
2018-03-20,1.238614831
2018-03-21,1.241408228
2018-03-22,1.2395988
2018-03-23,1.243226113
2018-03-26,1.251639148
2018-03-27,1.249820806
2018-03-28,1.246703524
2018-03-29,1.248266429
2018-03-30,1.25121959
2018-04-02,1.250059728
2018-04-03,1.248183076
2018-04-04,1.244983742
2018-04-05,1.24496788
2018-04-06,1.244856848
2018-04-09,1.24514952
2018-04-10,1.249944266
2018-04-11,1.252860905
2018-04-12,1.248473185
2018-04-13,1.251478677
2018-04-16,1.250892402
2018-04-17,1.249856697
2018-04-18,1.251538535
2018-04-19,1.25047399
2018-04-20,1.246294384
2018-04-23,1.24183793
2018-04-24,1.244832236
2018-04-25,1.240875451
2018-04-26,1.238727502
2018-04-27,1.239368338
2018-04-30,1.239305172
2018-05-01,1.239447296
2018-05-02,1.234004087
2018-05-03,1.235752519
2018-05-04,1.23438016
2018-05-07,1.233438089
2018-05-08,1.232438373
2018-05-09,1.234536447
2018-05-10,1.237342371
2018-05-11,1.239448629
2018-05-14,1.238857323
2018-05-15,1.231132371
2018-05-16,1.232207327
2018-05-17,1.233341189
2018-05-18,1.230993602
2018-05-21,1.229961608
2018-05-22,1.233034873
2018-05-23,1.228900196
2018-05-24,1.23087661
2018-05-25,1.227735787
2018-05-28,1.225244993
2018-05-29,1.222764253
2018-05-30,1.222843787
2018-05-31,1.223773714
2018-06-01,1.222405734
2018-06-04,1.224886807
2018-06-05,1.225258424
2018-06-06,1.229005482
2018-06-07,1.228079512
2018-06-08,1.225281504
2018-06-11,1.22596875
2018-06-12,1.226153269
2018-06-13,1.227323908
2018-06-14,1.226727102
2018-06-15,1.219217447
2018-06-18,1.219217447
2018-06-19,1.21124348
2018-06-20,1.21249208
2018-06-21,1.208813559
2018-06-22,1.206560352
2018-06-25,1.200596695
2018-06-26,1.193600876
2018-06-27,1.189250212
2018-06-28,1.184887144
2018-06-29,1.185761134
2018-07-02,1.177377236
2018-07-03,1.181879822
2018-07-04,1.182331266
2018-07-05,1.182782894
2018-07-06,1.181983854
2018-07-09,1.186954615
2018-07-10,1.183781827
2018-07-11,1.175588641
2018-07-12,1.177907849
2018-07-13,1.173183857
2018-07-16,1.173750486
2018-07-17,1.171118207
2018-07-18,1.168728875
2018-07-19,1.159406803
2018-07-20,1.160096957
2018-07-23,1.155313793
2018-07-24,1.155406997
2018-07-25,1.159611576
2018-07-26,1.156413468
2018-07-27,1.152444307
2018-07-30,1.152389063
2018-07-31,1.15353185
2018-08-01,1.151597852
2018-08-02,1.147879497
2018-08-03,1.14898476
2018-08-06,1.145722628
2018-08-07,1.149560633
2018-08-08,1.148440243
2018-08-09,1.150969956
2018-08-10,1.146615443
2018-08-13,1.139590592
2018-08-14,1.140824601
2018-08-15,1.132208279
2018-08-16,1.141033841
2018-08-17,1.141838813
2018-08-20,1.145128819
2018-08-21,1.146806148
2018-08-22,1.147602339
2018-08-23,1.141822308
2018-08-24,1.153843892
2018-08-27,1.151940715
2018-08-28,1.154018054
2018-08-29,1.150989881
2018-08-30,1.147219177
2018-08-31,1.149136164
2018-09-03,1.148105349
2018-09-04,1.147076446
2018-09-05,1.149729017
2018-09-06,1.148897866
2018-09-07,1.147254418
2018-09-10,1.145174703
2018-09-11,1.142495342
2018-09-12,1.144529997
2018-09-13,1.147324104
2018-09-14,1.14258879
2018-09-17,1.144324482
2018-09-18,1.143473634
2018-09-19,1.145838811
2018-09-20,1.145657731
2018-09-21,1.138873087
2018-09-24,1.139369011
2018-09-25,1.137880289
2018-09-26,1.135668892
2018-09-27,1.134349593
2018-09-28,1.139472918
2018-10-01,1.139487478
2018-10-02,1.140594059
2018-10-03,1.140958066
2018-10-04,1.140797903
2018-10-05,1.140783343
2018-10-08,1.136246619
2018-10-09,1.131745092
2018-10-10,1.132165145
2018-10-11,1.137703252
2018-10-12,1.132621202
2018-10-15,1.133500166
2018-10-16,1.134004804
2018-10-17,1.131744221
2018-10-18,1.129975349
2018-10-19,1.131532234
2018-10-22,1.128833914
2018-10-23,1.130065011
2018-10-24,1.1295448
2018-10-25,1.128517351
2018-10-26,1.129175369
2018-10-29,1.126829969
2018-10-30,1.125834374
2018-10-31,1.124123493
2018-11-01,1.132360379
2018-11-02,1.13514965
2018-11-05,1.130528961
2018-11-06,1.131845255
2018-11-07,1.131812531
2018-11-08,1.129230503
2018-11-09,1.125975875
2018-11-12,1.125831242
2018-11-13,1.125686596
2018-11-14,1.12694964
2018-11-15,1.128927645
2018-11-16,1.128865311
2018-11-19,1.128548373
2018-11-20,1.12753427
2018-11-21,1.131079598
2018-11-22,1.128585331
2018-11-23,1.126099285
2018-11-26,1.127411848
2018-11-27,1.126492849
2018-11-28,1.125435039
2018-11-29,1.126881689
2018-11-30,1.124874206
2018-12-03,1.135948719
2018-12-04,1.141931141
2018-12-05,1.138488907
2018-12-06,1.135070332
2018-12-07,1.136877482
2018-12-10,1.131143507
2018-12-11,1.133221204
2018-12-12,1.136104568
2018-12-13,1.135570801
2018-12-14,1.131107893
2018-12-17,1.132812273
2018-12-18,1.134191096
2018-12-19,1.135465336
2018-12-20,1.137432083
2018-12-21,1.13429788
2018-12-24,1.13429788
2018-12-25,1.13573371
2018-12-26,1.137173733
2018-12-27,1.140395344
2018-12-28,1.139058978
2018-12-31,1.138898989
2019-01-01,1.140536723
2019-01-02,1.142178229
2019-01-03,1.139721721
2019-01-04,1.140920146
2019-01-07,1.143749726
2019-01-08,1.143916286
2019-01-09,1.150505747
2019-01-10,1.154740331
2019-01-11,1.159728386
2019-01-14,1.159973667
2019-01-15,1.160218951
2019-01-16,1.161390156
2019-01-17,1.157924264
2019-01-18,1.157411643
2019-01-21,1.15495778
2019-01-22,1.152514984
2019-01-23,1.155485515
2019-01-24,1.156541608
2019-01-25,1.163147907
2019-01-28,1.163441434
2019-01-29,1.165770237
2019-01-30,1.168814721
2019-01-31,1.171824129
2019-02-01,1.16376472
2019-02-04,1.163720227
2019-02-05,1.163646071
2019-02-06,1.163720227
2019-02-07,1.163779551
2019-02-08,1.163779551
2019-02-11,1.155698234
2019-02-12,1.158845938
2019-02-13,1.161055061
2019-02-14,1.158925433
2019-02-15,1.159530142
2019-02-18,1.160625555
2019-02-19,1.161722913
2019-02-20,1.164728581
2019-02-21,1.167750577
2019-02-22,1.169403385
2019-02-25,1.174166717
2019-02-26,1.171782622
2019-02-27,1.174658047
2019-02-28,1.173122908
2019-03-01,1.170519628
2019-03-04,1.170706242
2019-03-05,1.170548762
2019-03-06,1.169868403
2019-03-07,1.169308229
2019-03-08,1.168092737
2019-03-11,1.167864316
2019-03-12,1.170404055
2019-03-13,1.170508768
2019-03-14,1.167983455
2019-03-15,1.169271105
2019-03-18,1.16948496
2019-03-19,1.169761273
2019-03-20,1.173097615
2019-03-21,1.172078504
2019-03-22,1.168309461
2019-03-25,1.169755065
2019-03-26,1.168962693
2019-03-27,1.166944188
2019-03-28,1.165002004
2019-03-29,1.169656693
2019-04-01,1.169786295
2019-04-02,1.167680705
2019-04-03,1.169870935
2019-04-04,1.168579809
2019-04-05,1.16842309
2019-04-08,1.168155693
2019-04-09,1.16855657
2019-04-10,1.167006686
2019-04-11,1.167410847
2019-04-12,1.169871269
2019-04-15,1.168714218
2019-04-16,1.168703064
2019-04-17,1.173052191
2019-04-18,1.169511486
2019-04-19,1.170261964
2019-04-22,1.168866969
2019-04-23,1.166307306
2019-04-24,1.166798101
2019-04-25,1.163442997
2019-04-26,1.165735264
2019-04-29,1.16485475
2019-04-30,1.164877426
2019-05-01,1.16531737
2019-05-02,1.164857359
2019-05-03,1.165035567
